-- phpMyAdmin SQL Dump
-- version 5.0.2
-- https://www.phpmyadmin.net/
--
-- Máy chủ: 127.0.0.1
-- Thời gian đã tạo: Th4 29, 2023 lúc 03:04 AM
-- Phiên bản máy phục vụ: 10.4.14-MariaDB
-- Phiên bản PHP: 7.4.9

SET SQL_MODE = "NO_AUTO_VALUE_ON_ZERO";
START TRANSACTION;
SET time_zone = "+00:00";


/*!40101 SET @OLD_CHARACTER_SET_CLIENT=@@CHARACTER_SET_CLIENT */;
/*!40101 SET @OLD_CHARACTER_SET_RESULTS=@@CHARACTER_SET_RESULTS */;
/*!40101 SET @OLD_COLLATION_CONNECTION=@@COLLATION_CONNECTION */;
/*!40101 SET NAMES utf8mb4 */;

--
-- Cơ sở dữ liệu: `qlns`
--

-- --------------------------------------------------------

--
-- Cấu trúc bảng cho bảng `bangcap`
--

CREATE TABLE `bangcap` (
  `id` int(10) UNSIGNED NOT NULL,
  `tenbc` varchar(100) COLLATE utf8mb4_unicode_ci NOT NULL,
  `created_at` timestamp NULL DEFAULT NULL,
  `updated_at` timestamp NULL DEFAULT NULL,
  `deleted_at` timestamp NULL DEFAULT NULL
) ENGINE=InnoDB DEFAULT CHARSET=utf8mb4 COLLATE=utf8mb4_unicode_ci;

--
-- Đang đổ dữ liệu cho bảng `bangcap`
--

INSERT INTO `bangcap` (`id`, `tenbc`, `created_at`, `updated_at`, `deleted_at`) VALUES
(1, 'Tiến Sĩ', '2021-11-01 07:58:55', '2021-11-01 07:58:55', NULL),
(2, 'Thạc Sĩ', '2021-11-01 07:58:56', '2021-11-01 07:58:56', NULL),
(3, 'Cử Nhân', '2021-11-01 07:58:56', '2021-11-01 07:58:56', NULL),
(4, 'Đại Học', '2021-11-01 07:58:56', '2021-11-01 07:58:56', NULL),
(5, 'Cao Đẳng', '2021-11-01 07:58:56', '2023-04-28 17:26:30', NULL);

-- --------------------------------------------------------

--
-- Cấu trúc bảng cho bảng `baohiem`
--

CREATE TABLE `baohiem` (
  `id` int(10) UNSIGNED NOT NULL,
  `nhanvien_id` int(10) UNSIGNED NOT NULL,
  `loaibaohiem_id` int(10) UNSIGNED NOT NULL,
  `maso` varchar(255) COLLATE utf8mb4_unicode_ci NOT NULL,
  `noicap` varchar(255) COLLATE utf8mb4_unicode_ci NOT NULL,
  `ngaycap` date NOT NULL,
  `ngayhethan` date NOT NULL,
  `mucdong` double(5,2) NOT NULL,
  `created_at` timestamp NULL DEFAULT NULL,
  `updated_at` timestamp NULL DEFAULT NULL,
  `deleted_at` timestamp NULL DEFAULT NULL
) ENGINE=InnoDB DEFAULT CHARSET=utf8mb4 COLLATE=utf8mb4_unicode_ci;

--
-- Đang đổ dữ liệu cho bảng `baohiem`
--

INSERT INTO `baohiem` (`id`, `nhanvien_id`, `loaibaohiem_id`, `maso`, `noicap`, `ngaycap`, `ngayhethan`, `mucdong`, `created_at`, `updated_at`, `deleted_at`) VALUES
(1, 23, 2, '123123213123123', '123213123213213', '2023-04-01', '2023-10-01', 1.20, '2021-11-01 20:55:59', '2023-04-28 07:07:52', NULL),
(2, 23, 1, '123123213123123', '123213123213213', '2023-04-01', '2024-04-01', 1.20, '2021-11-01 20:57:11', '2023-04-28 07:08:44', NULL),
(3, 23, 3, '123213213', '123213213213123', '2023-04-01', '2024-04-01', 2.30, '2021-11-01 21:00:33', '2023-04-28 07:09:05', NULL),
(4, 13, 1, 'BH001', 'Hà Nội', '2023-04-01', '2024-04-01', 1.20, '2023-04-28 07:18:00', '2023-04-28 07:18:00', NULL),
(5, 21, 2, 'BH002', 'Hà Nam', '2022-12-01', '2023-12-01', 1.30, '2023-04-28 17:28:13', '2023-04-28 17:28:13', NULL),
(6, 2, 4, 'BH003', 'Hà Nam', '2021-03-01', '2025-03-01', 2.20, '2023-04-28 17:36:06', '2023-04-28 17:36:06', NULL),
(7, 1, 3, 'TN001', 'Hà Tĩnh', '2020-01-01', '2025-01-01', 2.00, '2023-04-28 17:45:48', '2023-04-28 17:45:48', NULL);

-- --------------------------------------------------------

--
-- Cấu trúc bảng cho bảng `chamcong`
--

CREATE TABLE `chamcong` (
  `id` int(10) UNSIGNED NOT NULL,
  `nhanvien_id` int(10) UNSIGNED NOT NULL,
  `created_at` timestamp NULL DEFAULT NULL,
  `updated_at` timestamp NULL DEFAULT NULL,
  `deleted_at` timestamp NULL DEFAULT NULL
) ENGINE=InnoDB DEFAULT CHARSET=utf8mb4 COLLATE=utf8mb4_unicode_ci;

--
-- Đang đổ dữ liệu cho bảng `chamcong`
--

INSERT INTO `chamcong` (`id`, `nhanvien_id`, `created_at`, `updated_at`, `deleted_at`) VALUES
(2, 2, '2023-03-02 17:00:00', '2023-04-28 05:11:29', NULL),
(3, 3, '2023-03-08 17:00:00', '2023-04-28 05:37:30', NULL),
(4, 4, '2023-03-02 17:00:00', '2023-04-28 06:24:15', NULL),
(23, 23, '2023-02-28 17:00:00', '2023-04-28 06:25:30', NULL),
(25, 2, '2023-03-01 17:00:00', '2023-04-28 05:11:16', NULL),
(26, 3, '2023-03-03 17:00:00', '2023-04-28 05:32:41', NULL),
(27, 4, '2023-02-28 17:00:00', '2023-04-28 06:19:10', NULL),
(40, 17, '2023-03-31 17:00:00', '2023-04-28 06:58:33', NULL),
(41, 18, '2023-03-31 17:00:00', '2023-04-28 06:59:22', NULL),
(42, 19, '2023-03-31 17:00:00', '2023-04-28 07:00:33', NULL),
(43, 20, '2023-03-31 17:00:00', '2023-04-28 07:01:19', NULL),
(47, 1, '2023-02-28 17:00:00', '2023-04-28 04:54:50', NULL),
(48, 2, '2023-03-03 17:00:00', '2023-04-28 05:11:39', NULL),
(49, 3, '2023-03-07 17:00:00', '2023-04-28 05:37:22', NULL),
(50, 4, '2023-03-04 17:00:00', '2023-04-28 06:24:30', NULL),
(70, 1, '2023-03-02 17:00:00', '2023-03-29 05:26:00', NULL),
(71, 2, '2023-03-05 17:00:00', '2023-04-28 05:11:52', NULL),
(72, 3, '2023-03-06 17:00:00', '2023-04-28 05:37:15', NULL),
(73, 4, '2023-03-03 17:00:00', '2023-04-28 06:24:23', NULL),
(93, 1, '2023-03-01 17:00:00', '2023-04-28 04:55:08', NULL),
(94, 2, '2023-02-28 17:00:00', '2023-04-28 05:11:02', NULL),
(95, 3, '2023-03-02 17:00:00', '2023-04-28 05:32:30', NULL),
(96, 4, '2023-03-01 17:00:00', '2023-04-28 06:24:07', NULL),
(97, 5, '2023-02-28 17:00:00', '2023-04-28 06:43:29', NULL),
(98, 6, '2023-04-02 17:00:00', '2023-04-28 06:45:59', NULL),
(99, 7, '2023-03-31 17:00:00', '2023-04-28 06:46:56', NULL),
(100, 8, '2023-03-31 17:00:00', '2023-04-28 06:48:02', NULL),
(101, 9, '2023-03-31 17:00:00', '2023-04-28 06:49:03', NULL),
(102, 10, '2023-04-07 17:00:00', '2023-04-28 06:50:27', NULL),
(103, 11, '2023-04-07 17:00:00', '2023-04-28 06:51:33', NULL),
(104, 12, '2023-03-31 17:00:00', '2023-04-28 06:52:05', NULL),
(105, 13, '2023-03-31 17:00:00', '2023-04-28 06:53:12', NULL),
(106, 14, '2023-03-31 17:00:00', '2023-04-28 06:54:34', NULL),
(107, 15, '2023-03-31 17:00:00', '2023-04-28 06:56:38', NULL),
(108, 16, '2023-03-31 17:00:00', '2023-04-28 06:57:41', NULL),
(113, 21, '2023-03-31 17:00:00', '2023-04-28 07:02:13', NULL),
(114, 22, '2023-03-31 17:00:00', '2023-04-28 07:03:03', NULL),
(116, 3, '2023-03-05 17:00:00', '2023-04-28 05:37:05', NULL),
(117, 3, '2023-03-01 17:00:00', '2023-03-27 09:13:47', NULL),
(118, 1, '2023-03-07 17:00:00', '2023-04-28 04:58:16', NULL),
(119, 1, '2023-03-05 17:00:00', '2023-04-28 04:57:46', NULL),
(120, 1, '2023-03-03 17:00:00', '2023-04-28 04:55:24', NULL),
(121, 1, '2023-03-06 17:00:00', '2023-04-28 04:57:56', NULL),
(122, 1, '2023-03-08 17:00:00', '2023-04-28 04:58:27', NULL),
(123, 1, '2023-03-09 17:00:00', '2023-04-28 04:59:14', NULL),
(124, 1, '2023-03-10 17:00:00', '2023-04-28 04:59:22', NULL),
(125, 1, '2023-03-12 17:00:00', '2023-04-28 04:59:36', NULL),
(126, 1, '2023-03-13 17:00:00', '2023-04-28 05:00:06', NULL),
(127, 1, '2023-03-14 17:00:00', '2023-04-28 05:00:17', NULL),
(128, 1, '2023-03-15 17:00:00', '2023-04-28 05:00:26', NULL),
(129, 1, '2023-03-16 17:00:00', '2023-04-28 05:00:33', NULL),
(130, 1, '2023-01-17 17:00:00', '2023-04-28 05:00:49', NULL),
(131, 1, '2023-03-19 17:00:00', '2023-04-28 05:01:45', NULL),
(132, 1, '2023-03-20 17:00:00', '2023-04-28 05:01:57', NULL),
(133, 1, '2023-03-21 17:00:00', '2023-04-28 05:02:08', NULL),
(134, 1, '2023-03-22 17:00:00', '2023-04-28 05:02:22', NULL),
(135, 1, '2023-03-23 17:00:00', '2023-04-28 05:02:29', NULL),
(136, 1, '2023-03-26 17:00:00', '2023-04-28 05:04:32', NULL),
(137, 1, '2023-03-27 17:00:00', '2023-04-28 05:04:51', NULL),
(138, 1, '2023-03-28 17:00:00', '2023-04-28 05:05:01', NULL),
(139, 1, '2023-03-29 17:00:00', '2023-04-28 05:05:09', NULL),
(140, 1, '2023-03-30 17:00:00', '2023-04-28 05:05:19', NULL),
(141, 1, '2023-03-31 17:00:00', '2023-04-28 05:06:07', NULL),
(142, 1, '2023-04-02 17:00:00', '2023-04-28 05:06:22', NULL),
(143, 1, '2023-04-03 17:00:00', '2023-04-28 05:06:29', NULL),
(144, 1, '2023-04-04 17:00:00', '2023-04-28 05:06:37', NULL),
(145, 1, '2023-04-05 17:00:00', '2023-04-28 05:06:47', NULL),
(146, 1, '2023-04-06 17:00:00', '2023-04-28 05:06:56', NULL),
(147, 1, '2023-04-09 17:00:00', '2023-04-28 05:07:06', NULL),
(148, 1, '2023-04-10 17:00:00', '2023-04-28 05:07:23', NULL),
(149, 1, '2023-04-11 17:00:00', '2023-04-28 05:07:28', NULL),
(150, 1, '2023-04-12 17:00:00', '2023-04-28 05:07:38', NULL),
(151, 1, '2023-04-13 17:00:00', '2023-04-28 05:07:47', NULL),
(152, 1, '2023-04-14 17:00:00', '2023-04-28 05:07:53', NULL),
(153, 1, '2023-04-16 17:00:00', '2023-04-28 05:08:03', NULL),
(154, 1, '2023-04-17 17:00:00', '2023-04-28 05:08:11', NULL),
(155, 1, '2023-04-18 17:00:00', '2023-04-28 05:08:16', NULL),
(156, 1, '2023-04-19 17:00:00', '2023-04-28 05:08:22', NULL),
(157, 1, '2023-04-20 17:00:00', '2023-04-28 05:08:29', NULL),
(158, 1, '2023-04-23 17:00:00', '2023-04-28 05:08:39', NULL),
(159, 1, '2023-04-24 17:00:00', '2023-04-28 05:08:46', NULL),
(160, 1, '2023-04-25 17:00:00', '2023-04-28 05:08:51', NULL),
(161, 1, '2023-04-26 17:00:00', '2023-04-28 05:08:57', NULL),
(162, 1, '2023-04-27 17:00:00', '2023-04-28 05:09:04', NULL),
(163, 2, '2023-03-06 17:00:00', '2023-04-28 05:12:08', NULL),
(164, 2, '2023-03-07 17:00:00', '2023-04-28 05:12:15', NULL),
(165, 2, '2023-03-08 17:00:00', '2023-04-28 05:12:22', NULL),
(166, 2, '2023-03-09 17:00:00', '2023-04-28 05:12:33', NULL),
(167, 2, '2023-03-12 17:00:00', '2023-04-28 05:12:41', NULL),
(168, 2, '2023-03-13 17:00:00', '2023-04-28 05:12:49', NULL),
(169, 2, '2023-03-14 17:00:00', '2023-04-28 05:12:55', NULL),
(170, 2, '2023-03-15 17:00:00', '2023-04-28 05:13:02', NULL),
(171, 2, '2023-03-16 17:00:00', '2023-04-28 05:13:08', NULL),
(172, 2, '2023-03-17 17:00:00', '2023-04-28 05:13:18', NULL),
(173, 2, '2023-03-19 17:00:00', '2023-04-28 05:13:29', NULL),
(174, 2, '2023-03-20 17:00:00', '2023-04-28 05:13:36', NULL),
(175, 2, '2023-03-21 17:00:00', '2023-04-28 05:13:45', NULL),
(176, 2, '2023-03-22 17:00:00', '2023-04-28 05:13:54', NULL),
(177, 2, '2023-03-23 17:00:00', '2023-04-28 05:14:01', NULL),
(178, 2, '2023-03-24 17:00:00', '2023-04-28 05:14:12', NULL),
(179, 2, '2023-03-26 17:00:00', '2023-04-28 05:14:18', NULL),
(180, 2, '2023-03-27 17:00:00', '2023-04-28 05:14:24', NULL),
(181, 2, '2023-03-28 17:00:00', '2023-04-28 05:14:31', NULL),
(182, 2, '2023-03-29 17:00:00', '2023-04-28 05:14:38', NULL),
(183, 2, '2023-03-30 17:00:00', '2023-04-28 05:14:46', NULL),
(184, 2, '2023-03-31 17:00:00', '2023-04-28 05:29:10', NULL),
(185, 2, '2023-04-02 17:00:00', '2023-04-28 05:29:19', NULL),
(186, 2, '2023-04-03 17:00:00', '2023-04-28 05:29:26', NULL),
(187, 2, '2023-04-04 17:00:00', '2023-04-28 05:29:33', NULL),
(188, 2, '2023-04-05 17:00:00', '2023-04-28 05:29:39', NULL),
(189, 2, '2023-04-06 17:00:00', '2023-04-28 05:29:47', NULL),
(190, 2, '2023-04-09 17:00:00', '2023-04-28 05:29:55', NULL),
(191, 2, '2023-04-10 17:00:00', '2023-04-28 05:30:00', NULL),
(192, 2, '2023-04-11 17:00:00', '2023-04-28 05:30:05', NULL),
(193, 2, '2023-04-12 17:00:00', '2023-04-28 05:30:10', NULL),
(194, 2, '2023-04-14 17:00:00', '2023-04-28 05:30:15', NULL),
(195, 2, '2023-04-16 17:00:00', '2023-04-28 05:30:24', NULL),
(196, 2, '2023-04-17 17:00:00', '2023-04-28 05:30:29', NULL),
(197, 2, '2023-04-18 17:00:00', '2023-04-28 05:30:34', NULL),
(198, 2, '2023-04-19 17:00:00', '2023-04-28 05:30:44', NULL),
(199, 2, '2023-04-20 17:00:00', '2023-04-28 05:30:49', NULL),
(200, 2, '2023-04-23 17:00:00', '2023-04-28 05:30:58', NULL),
(201, 2, '2023-04-24 17:00:00', '2023-04-28 05:31:03', NULL),
(202, 2, '2023-04-25 17:00:00', '2023-04-28 05:31:08', NULL),
(203, 2, '2023-04-26 17:00:00', '2023-04-28 05:31:13', NULL),
(204, 2, '2023-04-27 17:00:00', '2023-04-28 05:31:19', NULL),
(205, 3, '2023-02-28 17:00:00', '2023-04-28 05:37:44', NULL),
(206, 3, '2023-03-09 17:00:00', '2023-04-28 05:38:50', NULL),
(207, 3, '2023-03-12 17:00:00', '2023-04-28 05:39:07', NULL),
(208, 3, '2023-03-13 17:00:00', '2023-04-28 05:39:17', NULL),
(209, 3, '2023-03-14 17:00:00', '2023-04-28 05:39:22', NULL),
(210, 3, '2023-03-15 17:00:00', '2023-04-28 05:39:27', NULL),
(211, 3, '2023-03-16 17:00:00', '2023-04-28 05:39:33', NULL),
(212, 3, '2023-03-17 17:00:00', '2023-04-28 05:39:41', NULL),
(213, 3, '2023-03-19 17:00:00', '2023-04-28 06:14:21', NULL),
(214, 3, '2023-03-20 17:00:00', '2023-04-28 06:14:26', NULL),
(215, 3, '2023-03-21 17:00:00', '2023-04-28 06:14:31', NULL),
(216, 3, '2023-03-23 17:00:00', '2023-04-28 06:14:35', NULL),
(217, 3, '2023-03-26 17:00:00', '2023-04-28 06:14:41', NULL),
(218, 3, '2023-03-27 17:00:00', '2023-04-28 06:14:46', NULL),
(219, 3, '2023-03-28 17:00:00', '2023-04-28 06:14:53', NULL),
(220, 3, '2023-03-29 17:00:00', '2023-04-28 06:14:58', NULL),
(221, 3, '2023-03-30 17:00:00', '2023-04-28 06:15:05', NULL),
(222, 3, '2023-03-31 17:00:00', '2023-04-28 06:15:22', NULL),
(223, 3, '2023-04-02 17:00:00', '2023-04-28 06:15:32', NULL),
(224, 3, '2023-04-04 17:00:00', '2023-04-28 06:15:39', NULL),
(225, 3, '2023-04-03 17:00:00', '2023-04-28 06:15:50', NULL),
(226, 3, '2023-04-05 17:00:00', '2023-04-28 06:15:57', NULL),
(227, 3, '2023-04-06 17:00:00', '2023-04-28 06:16:07', NULL),
(228, 3, '2023-04-09 17:00:00', '2023-04-28 06:16:14', NULL),
(229, 3, '2023-04-10 17:00:00', '2023-04-28 06:16:20', NULL),
(230, 3, '2023-04-11 17:00:00', '2023-04-28 06:16:25', NULL),
(231, 3, '2023-04-12 17:00:00', '2023-04-28 06:16:33', NULL),
(232, 3, '2023-04-13 17:00:00', '2023-04-28 06:16:39', NULL),
(233, 3, '2023-04-14 17:00:00', '2023-04-28 06:16:49', NULL),
(234, 3, '2023-04-16 17:00:00', '2023-04-28 06:16:55', NULL),
(235, 3, '2023-04-17 17:00:00', '2023-04-28 06:16:59', NULL),
(236, 3, '2023-04-18 17:00:00', '2023-04-28 06:17:05', NULL),
(237, 3, '2023-04-19 17:00:00', '2023-04-28 06:17:12', NULL),
(238, 3, '2023-04-20 17:00:00', '2023-04-28 06:17:19', NULL),
(239, 3, '2023-04-23 17:00:00', '2023-04-28 06:17:25', NULL),
(240, 3, '2023-04-24 17:00:00', '2023-04-28 06:17:32', NULL),
(241, 3, '2023-04-25 17:00:00', '2023-04-28 06:17:38', NULL),
(242, 3, '2023-04-26 17:00:00', '2023-04-28 06:17:43', NULL),
(243, 3, '2023-04-27 17:00:00', '2023-04-28 06:17:49', NULL),
(244, 5, '2023-03-01 17:00:00', '2023-04-28 06:44:44', NULL),
(245, 5, '2023-03-02 17:00:00', '2023-04-28 06:44:51', NULL),
(246, 5, '2023-03-05 17:00:00', '2023-04-28 06:45:09', NULL),
(247, 5, '2023-03-06 17:00:00', '2023-04-28 06:45:16', NULL),
(248, 5, '2023-03-07 17:00:00', '2023-04-28 06:45:26', NULL),
(249, 6, '2023-04-03 17:00:00', '2023-04-28 06:46:08', NULL),
(250, 6, '2023-04-04 17:00:00', '2023-04-28 06:46:14', NULL),
(251, 6, '2023-04-05 17:00:00', '2023-04-28 06:46:20', NULL),
(252, 6, '2023-04-06 17:00:00', '2023-04-28 06:46:26', NULL),
(253, 6, '2023-04-07 17:00:00', '2023-04-28 06:46:33', NULL),
(254, 7, '2023-04-02 17:00:00', '2023-04-28 06:47:09', NULL),
(255, 7, '2023-04-03 17:00:00', '2023-04-28 06:47:15', NULL),
(256, 7, '2023-04-04 17:00:00', '2023-04-28 06:47:20', NULL),
(257, 7, '2023-04-05 17:00:00', '2023-04-28 06:47:26', NULL),
(258, 7, '2023-04-06 17:00:00', '2023-04-28 06:47:32', NULL),
(259, 7, '2023-04-07 17:00:00', '2023-04-28 06:47:40', NULL),
(260, 8, '2023-04-02 17:00:00', '2023-04-28 06:48:16', NULL),
(261, 8, '2023-04-03 17:00:00', '2023-04-28 06:48:21', NULL),
(262, 8, '2023-04-04 17:00:00', '2023-04-28 06:48:25', NULL),
(263, 8, '2023-04-05 17:00:00', '2023-04-28 06:48:30', NULL),
(264, 8, '2023-04-06 17:00:00', '2023-04-28 06:48:34', NULL),
(265, 8, '2023-04-07 17:00:00', '2023-04-28 06:48:38', NULL),
(266, 9, '2023-04-02 17:00:00', '2023-04-28 06:49:12', NULL),
(267, 9, '2023-04-03 17:00:00', '2023-04-28 06:49:17', NULL),
(268, 9, '2023-04-04 17:00:00', '2023-04-28 06:49:21', NULL),
(269, 9, '2023-04-05 17:00:00', '2023-04-28 06:49:26', NULL),
(270, 9, '2023-04-06 17:00:00', '2023-04-28 06:49:31', NULL),
(271, 9, '2023-04-07 17:00:00', '2023-04-28 06:49:36', NULL),
(272, 10, '2023-03-31 17:00:00', '2023-04-28 06:49:56', NULL),
(273, 10, '2023-04-02 17:00:00', '2023-04-28 06:50:03', NULL),
(274, 10, '2023-04-03 17:00:00', '2023-04-28 06:50:08', NULL),
(275, 10, '2023-04-04 17:00:00', '2023-04-28 06:50:12', NULL),
(276, 10, '2023-04-05 17:00:00', '2023-04-28 06:50:17', NULL),
(277, 10, '2023-04-06 17:00:00', '2023-04-28 06:50:21', NULL),
(278, 11, '2023-03-31 17:00:00', '2023-04-28 06:51:00', NULL),
(279, 11, '2023-04-02 17:00:00', '2023-04-28 06:51:05', NULL),
(280, 11, '2023-04-03 17:00:00', '2023-04-28 06:51:09', NULL),
(281, 11, '2023-04-04 17:00:00', '2023-04-28 06:51:14', NULL),
(282, 11, '2023-04-05 17:00:00', '2023-04-28 06:51:18', NULL),
(283, 11, '2023-04-06 17:00:00', '2023-04-28 06:51:27', NULL),
(284, 12, '2023-04-02 17:00:00', '2023-04-28 06:52:16', NULL),
(285, 12, '2023-04-04 17:00:00', '2023-04-28 06:52:23', NULL),
(286, 12, '2023-04-03 17:00:00', '2023-04-28 06:52:31', NULL),
(287, 12, '2023-04-05 17:00:00', '2023-04-28 06:52:38', NULL),
(288, 12, '2023-04-06 17:00:00', '2023-04-28 06:52:45', NULL),
(289, 12, '2023-04-07 17:00:00', '2023-04-28 06:52:51', NULL),
(290, 13, '2023-04-02 17:00:00', '2023-04-28 06:53:43', NULL),
(291, 13, '2023-04-03 17:00:00', '2023-04-28 06:53:48', NULL),
(292, 13, '2023-04-04 17:00:00', '2023-04-28 06:53:52', NULL),
(293, 13, '2023-04-05 17:00:00', '2023-04-28 06:53:57', NULL),
(294, 13, '2023-04-06 17:00:00', '2023-04-28 06:54:04', NULL),
(295, 13, '2023-04-07 17:00:00', '2023-04-28 06:54:08', NULL),
(296, 14, '2023-04-02 17:00:00', '2023-04-28 06:54:42', NULL),
(297, 14, '2023-04-03 17:00:00', '2023-04-28 06:54:47', NULL),
(298, 14, '2023-04-04 17:00:00', '2023-04-28 06:54:51', NULL),
(299, 14, '2023-04-05 17:00:00', '2023-04-28 06:54:57', NULL),
(300, 14, '2023-04-06 17:00:00', '2023-04-28 06:55:37', NULL),
(301, 14, '2023-04-07 17:00:00', '2023-04-28 06:55:42', NULL),
(302, 15, '2023-04-02 17:00:00', '2023-04-28 06:56:51', NULL),
(303, 15, '2023-04-03 17:00:00', '2023-04-28 06:56:57', NULL),
(304, 15, '2023-04-04 17:00:00', '2023-04-28 06:57:06', NULL),
(305, 15, '2023-04-05 17:00:00', '2023-04-28 06:57:11', NULL),
(306, 15, '2023-04-06 17:00:00', '2023-04-28 06:57:17', NULL),
(307, 15, '2023-04-07 17:00:00', '2023-04-28 06:57:22', NULL),
(308, 16, '2023-04-02 17:00:00', '2023-04-28 06:57:50', NULL),
(309, 16, '2023-04-03 17:00:00', '2023-04-28 06:57:54', NULL),
(310, 16, '2023-04-04 17:00:00', '2023-04-28 06:57:59', NULL),
(311, 16, '2023-04-05 17:00:00', '2023-04-28 06:58:04', NULL),
(312, 16, '2023-04-06 17:00:00', '2023-04-28 06:58:08', NULL),
(313, 16, '2023-04-07 17:00:00', '2023-04-28 06:58:15', NULL),
(314, 17, '2023-04-02 17:00:00', '2023-04-28 06:58:41', NULL),
(315, 17, '2023-04-03 17:00:00', '2023-04-28 06:58:45', NULL),
(316, 17, '2023-04-04 17:00:00', '2023-04-28 06:58:50', NULL),
(317, 17, '2023-04-05 17:00:00', '2023-04-28 06:58:54', NULL),
(318, 17, '2023-04-06 17:00:00', '2023-04-28 06:58:59', NULL),
(319, 17, '2023-04-07 17:00:00', '2023-04-28 06:59:03', NULL),
(320, 18, '2023-04-02 17:00:00', '2023-04-28 06:59:36', NULL),
(321, 18, '2023-04-03 17:00:00', '2023-04-28 06:59:43', NULL),
(322, 18, '2023-04-04 17:00:00', '2023-04-28 06:59:58', NULL),
(323, 18, '2023-04-05 17:00:00', '2023-04-28 07:00:03', NULL),
(324, 18, '2023-04-06 17:00:00', '2023-04-28 07:00:07', NULL),
(325, 18, '2023-04-07 17:00:00', '2023-04-28 07:00:12', NULL),
(326, 19, '2023-04-02 17:00:00', '2023-04-28 07:00:41', NULL),
(327, 19, '2023-04-03 17:00:00', '2023-04-28 07:00:46', NULL),
(328, 19, '2023-04-04 17:00:00', '2023-04-28 07:00:50', NULL),
(329, 19, '2023-04-05 17:00:00', '2023-04-28 07:00:55', NULL),
(330, 19, '2023-04-06 17:00:00', '2023-04-28 07:00:59', NULL),
(331, 19, '2023-04-07 17:00:00', '2023-04-28 07:01:04', NULL),
(332, 20, '2023-04-02 17:00:00', '2023-04-28 07:01:27', NULL),
(333, 20, '2023-04-03 17:00:00', '2023-04-28 07:01:31', NULL),
(334, 20, '2023-04-04 17:00:00', '2023-04-28 07:01:36', NULL),
(335, 20, '2023-04-05 17:00:00', '2023-04-28 07:01:40', NULL),
(336, 20, '2023-04-06 17:00:00', '2023-04-28 07:01:44', NULL),
(337, 20, '2023-04-07 17:00:00', '2023-04-28 07:01:48', NULL),
(338, 21, '2023-04-02 17:00:00', '2023-04-28 07:02:21', NULL),
(339, 21, '2023-04-03 17:00:00', '2023-04-28 07:02:26', NULL),
(340, 21, '2023-04-04 17:00:00', '2023-04-28 07:02:30', NULL),
(341, 21, '2023-04-05 17:00:00', '2023-04-28 07:02:34', NULL),
(342, 21, '2023-04-06 17:00:00', '2023-04-28 07:02:39', NULL),
(343, 21, '2023-04-07 17:00:00', '2023-04-28 07:02:43', NULL),
(344, 22, '2023-04-02 17:00:00', '2023-04-28 07:03:10', NULL),
(345, 22, '2023-04-03 17:00:00', '2023-04-28 07:03:15', NULL),
(346, 22, '2023-04-04 17:00:00', '2023-04-28 07:03:20', NULL),
(347, 22, '2023-04-05 17:00:00', '2023-04-28 07:03:24', NULL),
(348, 22, '2023-04-06 17:00:00', '2023-04-28 07:03:29', NULL),
(349, 22, '2023-04-07 17:00:00', '2023-04-28 07:03:35', NULL);

-- --------------------------------------------------------

--
-- Cấu trúc bảng cho bảng `chucvu`
--

CREATE TABLE `chucvu` (
  `id` int(10) UNSIGNED NOT NULL,
  `tencv` varchar(100) COLLATE utf8mb4_unicode_ci NOT NULL,
  `created_at` timestamp NULL DEFAULT NULL,
  `updated_at` timestamp NULL DEFAULT NULL,
  `deleted_at` timestamp NULL DEFAULT NULL
) ENGINE=InnoDB DEFAULT CHARSET=utf8mb4 COLLATE=utf8mb4_unicode_ci;

--
-- Đang đổ dữ liệu cho bảng `chucvu`
--

INSERT INTO `chucvu` (`id`, `tencv`, `created_at`, `updated_at`, `deleted_at`) VALUES
(1, 'Trưởng Phòng', '2021-11-01 07:58:54', '2023-04-28 17:26:14', NULL),
(2, 'Trưởng Phòng', '2021-11-01 07:58:54', '2021-11-01 07:58:54', NULL),
(3, 'Phó Phòng', '2021-11-01 07:58:54', '2021-11-01 07:58:54', NULL),
(4, 'Marketing', '2021-11-01 07:58:54', '2023-04-24 20:36:15', NULL),
(5, 'Nhân Viên', '2021-11-01 07:58:54', '2021-11-01 07:58:54', NULL);

-- --------------------------------------------------------

--
-- Cấu trúc bảng cho bảng `chuyenmon`
--

CREATE TABLE `chuyenmon` (
  `id` int(10) UNSIGNED NOT NULL,
  `tencm` varchar(100) COLLATE utf8mb4_unicode_ci NOT NULL,
  `created_at` timestamp NULL DEFAULT NULL,
  `updated_at` timestamp NULL DEFAULT NULL,
  `deleted_at` timestamp NULL DEFAULT NULL
) ENGINE=InnoDB DEFAULT CHARSET=utf8mb4 COLLATE=utf8mb4_unicode_ci;

--
-- Đang đổ dữ liệu cho bảng `chuyenmon`
--

INSERT INTO `chuyenmon` (`id`, `tencm`, `created_at`, `updated_at`, `deleted_at`) VALUES
(1, 'Programmer', '2021-11-01 07:58:55', '2021-11-01 07:58:55', NULL),
(2, 'Tester', '2021-11-01 07:58:55', '2021-11-01 07:58:55', NULL),
(3, 'Front-end', '2021-11-01 07:58:55', '2021-11-01 07:58:55', NULL),
(4, 'Back-end', '2021-11-01 07:58:55', '2021-11-01 07:58:55', NULL),
(5, 'Full-Stack', '2021-11-01 07:58:55', '2021-11-01 07:58:55', NULL);

-- --------------------------------------------------------

--
-- Cấu trúc bảng cho bảng `dantoc`
--

CREATE TABLE `dantoc` (
  `id` int(10) UNSIGNED NOT NULL,
  `tendt` varchar(100) COLLATE utf8mb4_unicode_ci NOT NULL,
  `created_at` timestamp NULL DEFAULT NULL,
  `updated_at` timestamp NULL DEFAULT NULL,
  `deleted_at` timestamp NULL DEFAULT NULL
) ENGINE=InnoDB DEFAULT CHARSET=utf8mb4 COLLATE=utf8mb4_unicode_ci;

--
-- Đang đổ dữ liệu cho bảng `dantoc`
--

INSERT INTO `dantoc` (`id`, `tendt`, `created_at`, `updated_at`, `deleted_at`) VALUES
(1, 'Kinh', '2021-11-01 07:58:56', '2021-11-01 07:58:56', NULL),
(2, 'Thái', '2021-11-01 07:58:56', '2021-11-01 07:58:56', NULL),
(3, 'Mường', '2021-11-01 07:58:56', '2021-11-01 07:58:56', NULL),
(4, 'Khmer', '2021-11-01 07:58:56', '2021-11-01 07:58:56', NULL),
(5, 'Hoa', '2021-11-01 07:58:56', '2021-11-01 07:58:56', NULL),
(6, 'Nùng', '2021-11-01 07:58:56', '2021-11-01 07:58:56', NULL),
(7, 'H\'Mông', '2021-11-01 07:58:56', '2021-11-01 07:58:56', NULL);

-- --------------------------------------------------------

--
-- Cấu trúc bảng cho bảng `failed_jobs`
--

CREATE TABLE `failed_jobs` (
  `id` bigint(20) UNSIGNED NOT NULL,
  `uuid` varchar(255) COLLATE utf8mb4_unicode_ci NOT NULL,
  `connection` text COLLATE utf8mb4_unicode_ci NOT NULL,
  `queue` text COLLATE utf8mb4_unicode_ci NOT NULL,
  `payload` longtext COLLATE utf8mb4_unicode_ci NOT NULL,
  `exception` longtext COLLATE utf8mb4_unicode_ci NOT NULL,
  `failed_at` timestamp NOT NULL DEFAULT current_timestamp()
) ENGINE=InnoDB DEFAULT CHARSET=utf8mb4 COLLATE=utf8mb4_unicode_ci;

-- --------------------------------------------------------

--
-- Cấu trúc bảng cho bảng `heso`
--

CREATE TABLE `heso` (
  `id` int(10) UNSIGNED NOT NULL,
  `luongcb` bigint(20) NOT NULL,
  `bac1` double(5,2) NOT NULL,
  `bac2` double(5,2) NOT NULL,
  `bac3` double(5,2) NOT NULL,
  `bac4` double(5,2) NOT NULL,
  `bac5` double(5,2) NOT NULL,
  `bac6` double(5,2) NOT NULL,
  `bac7` double(5,2) NOT NULL,
  `bac8` double(5,2) NOT NULL,
  `bac9` double(5,2) NOT NULL,
  `bac10` double(5,2) NOT NULL,
  `created_at` timestamp NULL DEFAULT NULL,
  `updated_at` timestamp NULL DEFAULT NULL,
  `deleted_at` timestamp NULL DEFAULT NULL
) ENGINE=InnoDB DEFAULT CHARSET=utf8mb4 COLLATE=utf8mb4_unicode_ci;

--
-- Đang đổ dữ liệu cho bảng `heso`
--

INSERT INTO `heso` (`id`, `luongcb`, `bac1`, `bac2`, `bac3`, `bac4`, `bac5`, `bac6`, `bac7`, `bac8`, `bac9`, `bac10`, `created_at`, `updated_at`, `deleted_at`) VALUES
(1, 2000000, 1.00, 1.20, 1.40, 1.60, 1.80, 1.90, 2.00, 2.20, 2.40, 2.60, '2021-11-01 07:58:57', '2023-04-28 17:54:56', NULL);

-- --------------------------------------------------------

--
-- Cấu trúc bảng cho bảng `hopdong`
--

CREATE TABLE `hopdong` (
  `id` int(10) UNSIGNED NOT NULL,
  `nhanvien_id` int(10) UNSIGNED NOT NULL,
  `ngaybd` date NOT NULL,
  `ngaykt` date DEFAULT NULL,
  `loaihopdong` tinyint(1) NOT NULL DEFAULT 0,
  `created_at` timestamp NULL DEFAULT NULL,
  `updated_at` timestamp NULL DEFAULT NULL,
  `deleted_at` timestamp NULL DEFAULT NULL
) ENGINE=InnoDB DEFAULT CHARSET=utf8mb4 COLLATE=utf8mb4_unicode_ci;

--
-- Đang đổ dữ liệu cho bảng `hopdong`
--

INSERT INTO `hopdong` (`id`, `nhanvien_id`, `ngaybd`, `ngaykt`, `loaihopdong`, `created_at`, `updated_at`, `deleted_at`) VALUES
(1, 23, '2023-03-09', '2023-04-01', 1, '2023-03-27 09:46:32', '2023-03-27 09:46:32', NULL),
(2, 13, '2023-04-01', '2024-04-01', 0, '2023-04-28 07:11:25', '2023-04-28 07:11:25', NULL),
(3, 21, '2023-04-01', '2024-04-01', 1, '2023-04-28 17:28:37', '2023-04-28 17:28:37', NULL),
(4, 3, '2021-03-01', '2024-03-01', 1, '2023-04-28 17:29:38', '2023-04-28 17:29:38', NULL),
(5, 2, '2021-03-01', '2025-03-01', 1, '2023-04-28 17:34:49', '2023-04-28 17:34:49', NULL),
(6, 1, '2020-01-01', '2025-01-01', 1, '2023-04-28 17:46:15', '2023-04-28 17:46:15', NULL);

-- --------------------------------------------------------

--
-- Cấu trúc bảng cho bảng `khautru`
--

CREATE TABLE `khautru` (
  `id` int(10) UNSIGNED NOT NULL,
  `nhanvien_id` int(10) UNSIGNED NOT NULL,
  `loaibaohiem_id` int(10) UNSIGNED NOT NULL,
  `mucdong` double(5,2) NOT NULL,
  `thang` int(11) NOT NULL,
  `nam` int(11) NOT NULL,
  `created_at` timestamp NULL DEFAULT NULL,
  `updated_at` timestamp NULL DEFAULT NULL,
  `deleted_at` timestamp NULL DEFAULT NULL
) ENGINE=InnoDB DEFAULT CHARSET=utf8mb4 COLLATE=utf8mb4_unicode_ci;

--
-- Đang đổ dữ liệu cho bảng `khautru`
--

INSERT INTO `khautru` (`id`, `nhanvien_id`, `loaibaohiem_id`, `mucdong`, `thang`, `nam`, `created_at`, `updated_at`, `deleted_at`) VALUES
(1, 23, 1, 1.33, 3, 2023, '2021-11-01 20:57:11', '2023-04-28 07:10:20', '2023-04-28 07:10:20'),
(2, 23, 3, 1.30, 11, 2021, '2021-11-01 21:00:33', '2023-04-28 07:10:26', '2023-04-28 07:10:26'),
(3, 23, 3, 2.30, 3, 2023, '2021-11-01 21:08:43', '2023-04-28 07:10:36', NULL),
(4, 13, 1, 1.20, 4, 2023, '2023-04-28 07:18:00', '2023-04-28 07:18:00', NULL),
(5, 21, 2, 1.30, 4, 2023, '2023-04-28 17:28:13', '2023-04-28 17:28:13', NULL),
(6, 2, 4, 2.20, 4, 2023, '2023-04-28 17:36:06', '2023-04-28 17:36:06', NULL);

-- --------------------------------------------------------

--
-- Cấu trúc bảng cho bảng `loaibaohiem`
--

CREATE TABLE `loaibaohiem` (
  `id` int(10) UNSIGNED NOT NULL,
  `tenbh` varchar(100) COLLATE utf8mb4_unicode_ci NOT NULL,
  `created_at` timestamp NULL DEFAULT NULL,
  `updated_at` timestamp NULL DEFAULT NULL,
  `deleted_at` timestamp NULL DEFAULT NULL
) ENGINE=InnoDB DEFAULT CHARSET=utf8mb4 COLLATE=utf8mb4_unicode_ci;

--
-- Đang đổ dữ liệu cho bảng `loaibaohiem`
--

INSERT INTO `loaibaohiem` (`id`, `tenbh`, `created_at`, `updated_at`, `deleted_at`) VALUES
(1, 'Bảo Hiểm Xã Hội', '2021-11-01 07:58:57', '2021-11-01 07:58:57', NULL),
(2, 'Bảo Hiểm Y Tế', '2021-11-01 07:58:57', '2021-11-01 07:58:57', NULL),
(3, 'Bảo Hiểm Tai Nạn', '2021-11-01 07:58:57', '2021-11-01 07:58:57', NULL),
(4, 'Bảo Hiểm Thất Nghiệp', '2021-11-01 07:58:57', '2021-11-01 07:58:57', NULL);

-- --------------------------------------------------------

--
-- Cấu trúc bảng cho bảng `migrations`
--

CREATE TABLE `migrations` (
  `id` int(10) UNSIGNED NOT NULL,
  `migration` varchar(255) COLLATE utf8mb4_unicode_ci NOT NULL,
  `batch` int(11) NOT NULL
) ENGINE=InnoDB DEFAULT CHARSET=utf8mb4 COLLATE=utf8mb4_unicode_ci;

--
-- Đang đổ dữ liệu cho bảng `migrations`
--

INSERT INTO `migrations` (`id`, `migration`, `batch`) VALUES
(139, '2020_01_01_000001_create_password_resets_table', 1),
(140, '2020_01_01_000002_create_failed_jobs_table', 1),
(141, '2021_09_16_110111_create_sessions_table', 1),
(142, '2021_09_25_115514_create_chucvu_table', 1),
(143, '2021_09_25_115518_create_phongban_table', 1),
(144, '2021_09_25_115522_create_bangcap_table', 1),
(145, '2021_09_25_115526_create_chuyenmon_table', 1),
(146, '2021_09_25_125819_create_phucap_table', 1),
(147, '2021_09_25_135933_create_dantoc_table', 1),
(148, '2021_09_25_135933_create_tongiao_table', 1),
(149, '2021_09_25_135934_create_ngoaingu_table', 1),
(150, '2021_09_25_145217_create_nhanvien_table', 1),
(151, '2021_09_25_145218_create_users_table', 1),
(152, '2021_09_25_145248_create_thuongphat_table', 1),
(153, '2021_09_25_145259_create_chamcong_table', 1),
(154, '2021_09_25_154734_create_ungluong_table', 1),
(155, '2021_09_27_023923_create_hopdong_table', 1),
(156, '2021_10_03_040135_create_nghiviec_table', 1),
(157, '2021_10_07_122524_create_loaibaohiem_table', 1),
(158, '2021_10_07_122913_create_baohiem_table', 1),
(159, '2021_10_07_122932_create_nhanluong_table', 1),
(160, '2021_10_15_085345_create_khautru_table', 1),
(161, '2021_10_25_122809_create_heso_table', 1);

-- --------------------------------------------------------

--
-- Cấu trúc bảng cho bảng `nghiviec`
--

CREATE TABLE `nghiviec` (
  `id` int(10) UNSIGNED NOT NULL,
  `nhanvien_id` int(10) UNSIGNED NOT NULL,
  `ngaybd` date NOT NULL,
  `ngaykt` date NOT NULL,
  `lydo` varchar(255) COLLATE utf8mb4_unicode_ci NOT NULL,
  `huongluong` tinyint(1) NOT NULL DEFAULT 0,
  `created_at` timestamp NULL DEFAULT NULL,
  `updated_at` timestamp NULL DEFAULT NULL,
  `deleted_at` timestamp NULL DEFAULT NULL
) ENGINE=InnoDB DEFAULT CHARSET=utf8mb4 COLLATE=utf8mb4_unicode_ci;

--
-- Đang đổ dữ liệu cho bảng `nghiviec`
--

INSERT INTO `nghiviec` (`id`, `nhanvien_id`, `ngaybd`, `ngaykt`, `lydo`, `huongluong`, `created_at`, `updated_at`, `deleted_at`) VALUES
(1, 8, '2023-03-01', '2023-04-09', '123', 1, '2021-11-15 09:25:30', '2023-04-28 07:06:46', NULL),
(2, 23, '2023-04-01', '2023-04-09', 'không phù hợp với công ty', 1, '2023-04-28 07:23:54', '2023-04-28 07:24:07', NULL);

-- --------------------------------------------------------

--
-- Cấu trúc bảng cho bảng `ngoaingu`
--

CREATE TABLE `ngoaingu` (
  `id` int(10) UNSIGNED NOT NULL,
  `tenng` varchar(100) COLLATE utf8mb4_unicode_ci NOT NULL,
  `created_at` timestamp NULL DEFAULT NULL,
  `updated_at` timestamp NULL DEFAULT NULL,
  `deleted_at` timestamp NULL DEFAULT NULL
) ENGINE=InnoDB DEFAULT CHARSET=utf8mb4 COLLATE=utf8mb4_unicode_ci;

--
-- Đang đổ dữ liệu cho bảng `ngoaingu`
--

INSERT INTO `ngoaingu` (`id`, `tenng`, `created_at`, `updated_at`, `deleted_at`) VALUES
(1, 'Sơ cấp - Bậc 1 (A1)', '2021-11-01 07:58:56', '2021-11-01 07:58:56', NULL),
(2, 'Sơ cấp - Bậc 2 (A2)', '2021-11-01 07:58:57', '2021-11-01 07:58:57', NULL),
(3, 'Trung cấp - Bậc 1 (B1)', '2021-11-01 07:58:57', '2021-11-01 07:58:57', NULL),
(4, 'Trung cấp - Bậc 2 (B2)', '2021-11-01 07:58:57', '2021-11-01 07:58:57', NULL),
(5, 'Cao cấp - Bậc 1 (C1)', '2021-11-01 07:58:57', '2021-11-01 07:58:57', NULL),
(6, 'Cao cấp - Bậc 2 (C2)', '2021-11-01 07:58:57', '2021-11-01 07:58:57', NULL);

-- --------------------------------------------------------

--
-- Cấu trúc bảng cho bảng `nhanluong`
--

CREATE TABLE `nhanluong` (
  `id` int(10) UNSIGNED NOT NULL,
  `nhanvien_id` int(10) UNSIGNED NOT NULL,
  `heso` double(5,2) NOT NULL,
  `hsphucap` double(5,2) NOT NULL,
  `khautru` bigint(20) NOT NULL,
  `luongcb` bigint(20) NOT NULL,
  `mucluong` bigint(20) NOT NULL,
  `phucap` bigint(20) NOT NULL,
  `ngaycongchuan` int(11) NOT NULL,
  `ngaycong` int(11) NOT NULL,
  `nghihl` int(11) NOT NULL,
  `nghikhl` int(11) NOT NULL,
  `thuong` bigint(20) NOT NULL,
  `phat` bigint(20) NOT NULL,
  `tamung` bigint(20) NOT NULL,
  `thuclinh` bigint(20) NOT NULL,
  `thang` int(11) NOT NULL,
  `nam` int(11) NOT NULL,
  `created_at` timestamp NULL DEFAULT NULL,
  `updated_at` timestamp NULL DEFAULT NULL,
  `deleted_at` timestamp NULL DEFAULT NULL
) ENGINE=InnoDB DEFAULT CHARSET=utf8mb4 COLLATE=utf8mb4_unicode_ci;

--
-- Đang đổ dữ liệu cho bảng `nhanluong`
--

INSERT INTO `nhanluong` (`id`, `nhanvien_id`, `heso`, `hsphucap`, `khautru`, `luongcb`, `mucluong`, `phucap`, `ngaycongchuan`, `ngaycong`, `nghihl`, `nghikhl`, `thuong`, `phat`, `tamung`, `thuclinh`, `thang`, `nam`, `created_at`, `updated_at`, `deleted_at`) VALUES
(1, 23, 1.80, 1.50, 1, 1500000, 2700000, 40500, 26, 0, 0, 0, 1, 1, 1, 0, 11, 2021, '2021-11-01 08:03:07', '2021-11-01 20:37:47', '2021-11-01 20:37:47'),
(2, 23, 1.80, 1.50, 1, 1500000, 2700000, 40500, 25, 5, 0, 20, 100000009999, 0, 1, 100000558098, 11, 2021, '2021-11-01 20:36:42', '2021-11-01 20:37:53', '2021-11-01 20:37:53'),
(3, 1, 1.80, 1.50, 0, 1500000, 2700000, 40500, 26, 5, 0, 21, 999, 0, 0, 528018, 3, 2023, '2021-11-15 19:46:51', '2023-04-28 17:41:29', '2023-04-28 17:41:29'),
(4, 1, 1.80, 1.50, 0, 1500000, 2700000, 40500, 26, 0, 0, 26, 0, 0, 0, 0, 4, 2023, '2021-11-15 19:47:27', '2023-04-28 17:41:39', '2023-04-28 17:41:39'),
(5, 23, 1.80, 1.50, 129600, 1500000, 2700000, 40500, 26, 5, 0, 21, 9999, 0, 1, 407417, 3, 2023, '2021-12-12 23:16:48', '2023-04-28 17:41:45', '2023-04-28 17:41:45'),
(6, 23, 1.80, 1.50, 132300, 1500000, 2700000, 40500, 26, 5, 0, 21, 9999, 0, 1, 404717, 3, 2023, '2021-12-12 23:18:08', '2023-04-28 07:15:05', '2023-04-28 07:15:05'),
(7, 23, 1.80, 1.50, 133110, 1500000, 2700000, 40500, 26, 5, 0, 21, 9999, 0, 1, 403907, 3, 2023, '2021-12-12 23:22:07', '2023-04-28 07:15:11', '2023-04-28 07:15:11'),
(8, 3, 1.80, 1.50, 0, 1500000, 2700000, 40500, 28, 0, 0, 28, 0, 0, 0, 0, 1, 2023, '2023-04-28 07:20:28', '2023-04-28 17:39:24', '2023-04-28 17:39:24'),
(9, 13, 1.80, 1.50, 32400, 1500000, 2700000, 40500, 7, 7, 0, 0, 0, 0, 700000, 2008100, 4, 2023, '2023-04-28 07:21:44', '2023-04-28 17:41:53', '2023-04-28 17:41:53'),
(10, 3, 1.80, 1.50, 0, 1500000, 2700000, 40500, 27, 24, 0, 3, 3500000, 0, 2000000, 3936000, 3, 2023, '2023-04-28 17:32:35', '2023-04-28 17:41:59', '2023-04-28 17:41:59'),
(11, 2, 1.80, 1.50, 0, 5500000, 9900000, 148500, 28, 26, 0, 2, 1500000, 0, 0, 10830750, 3, 2023, '2023-04-28 17:42:53', '2023-04-28 17:55:57', '2023-04-28 17:55:57'),
(12, 1, 2.60, 1.50, 0, 5500000, 14300000, 214500, 28, 25, 0, 3, 0, 0, 0, 12959375, 3, 2023, '2023-04-28 17:47:15', '2023-04-28 17:55:47', '2023-04-28 17:55:47'),
(13, 15, 2.60, 1.50, 0, 5500000, 14300000, 214500, 7, 7, 0, 0, 1500000, 0, 1000000, 15014500, 4, 2023, '2023-04-28 17:50:04', '2023-04-28 17:55:39', '2023-04-28 17:55:39'),
(14, 15, 2.60, 1.50, 0, 2000000, 5200000, 78000, 7, 7, 0, 0, 1500000, 0, 1000000, 5778000, 4, 2023, '2023-04-28 17:55:33', '2023-04-28 17:55:33', NULL),
(15, 2, 2.60, 1.50, 0, 2000000, 5200000, 78000, 27, 26, 0, 1, 1500000, 0, 0, 6582518, 3, 2023, '2023-04-28 17:57:22', '2023-04-28 17:57:22', NULL),
(16, 1, 2.60, 1.50, 0, 2000000, 5200000, 78000, 25, 25, 0, 0, 0, 0, 0, 5278000, 3, 2023, '2023-04-28 18:00:04', '2023-04-28 18:00:04', NULL),
(17, 16, 2.60, 1.50, 0, 2000000, 5200000, 78000, 7, 7, 0, 0, 0, 0, 0, 5278000, 4, 2023, '2023-04-28 18:00:33', '2023-04-28 18:00:33', NULL),
(18, 17, 2.60, 1.50, 0, 2000000, 5200000, 78000, 7, 7, 0, 0, 0, 200000, 0, 5078000, 4, 2023, '2023-04-28 18:01:47', '2023-04-28 18:01:47', NULL);

-- --------------------------------------------------------

--
-- Cấu trúc bảng cho bảng `nhanvien`
--

CREATE TABLE `nhanvien` (
  `id` int(10) UNSIGNED NOT NULL,
  `phucap_id` int(10) UNSIGNED NOT NULL,
  `bangcap_id` int(10) UNSIGNED NOT NULL,
  `chuyenmon_id` int(10) UNSIGNED NOT NULL,
  `ngoaingu_id` int(10) UNSIGNED NOT NULL,
  `dantoc_id` int(10) UNSIGNED NOT NULL,
  `tongiao_id` int(10) UNSIGNED NOT NULL,
  `hovaten` varchar(100) COLLATE utf8mb4_unicode_ci NOT NULL,
  `gioitinh` tinyint(1) NOT NULL DEFAULT 0,
  `ngaysinh` date NOT NULL,
  `cmnd` varchar(50) COLLATE utf8mb4_unicode_ci NOT NULL,
  `sdt` varchar(15) COLLATE utf8mb4_unicode_ci NOT NULL,
  `diachi` varchar(255) COLLATE utf8mb4_unicode_ci DEFAULT NULL,
  `quequan` varchar(255) COLLATE utf8mb4_unicode_ci DEFAULT NULL,
  `trangthai` tinyint(1) NOT NULL DEFAULT 0,
  `ngaynghilam` date DEFAULT NULL,
  `bacluong` tinyint(4) NOT NULL,
  `hesoluong` double(5,2) NOT NULL,
  `photo_path` varchar(100) COLLATE utf8mb4_unicode_ci DEFAULT NULL,
  `created_at` timestamp NULL DEFAULT NULL,
  `updated_at` timestamp NULL DEFAULT NULL,
  `deleted_at` timestamp NULL DEFAULT NULL
) ENGINE=InnoDB DEFAULT CHARSET=utf8mb4 COLLATE=utf8mb4_unicode_ci;

--
-- Đang đổ dữ liệu cho bảng `nhanvien`
--

INSERT INTO `nhanvien` (`id`, `phucap_id`, `bangcap_id`, `chuyenmon_id`, `ngoaingu_id`, `dantoc_id`, `tongiao_id`, `hovaten`, `gioitinh`, `ngaysinh`, `cmnd`, `sdt`, `diachi`, `quequan`, `trangthai`, `ngaynghilam`, `bacluong`, `hesoluong`, `photo_path`, `created_at`, `updated_at`, `deleted_at`) VALUES
(1, 13, 1, 5, 5, 2, 1, 'Nguyễn Hồng Phong', 0, '2001-09-21', '224212229', '0944430146', '76 Phạm Huy Thông, Ngọc Khánh', 'Sơn La', 1, NULL, 10, 2.60, '', '2021-11-01 07:58:57', '2023-04-28 17:43:47', NULL),
(2, 18, 2, 5, 2, 2, 2, 'Trần Văn Lợi', 0, '1986-04-05', '451682907', '0934343444', '103A Kim mã', 'Nam Định', 1, NULL, 8, 2.20, NULL, '2021-11-01 07:58:57', '2023-04-28 17:40:16', NULL),
(3, 3, 3, 4, 1, 5, 1, 'Lê Quang Vinh', 0, '1991-11-18', '239415984', '09343430156', 'Số 58 Phạm Huy Thông, Ngọc Khánh', 'Nghệ An', 1, NULL, 8, 1.00, NULL, '2021-11-01 07:58:58', '2023-04-28 17:29:53', NULL),
(4, 13, 2, 5, 5, 5, 6, 'Hà Thị Trang', 1, '2000-07-26', '627948088', '(855) 692-7392', 'Mỹ Đình - Nam Từ Liêm - Hà Nội', 'Thái Bình', 1, NULL, 8, 1.00, NULL, '2021-11-01 07:58:58', '2021-11-01 07:58:58', NULL),
(5, 11, 5, 5, 5, 5, 3, 'Hoàng Ngọc Anh', 1, '2001-01-06', '808548889', '1-855-892-9444', '42E Ly Thuong Kiet', 'Đan Phượng', 1, NULL, 5, 1.00, NULL, '2021-11-01 07:58:58', '2021-11-01 07:58:58', NULL),
(6, 10, 3, 5, 5, 3, 6, 'Chu Văn Minh', 0, '1989-03-11', '322656910', '844-542-4561', '207/3 Nguyen Van Thu', 'Hà Nội', 1, NULL, 8, 1.00, NULL, '2021-11-01 07:58:58', '2021-11-01 07:58:58', NULL),
(7, 9, 1, 1, 6, 6, 6, 'Nguyễn Việt Hưng', 0, '1988-03-29', '841717928', '(866) 504-0661', '27-28, ngõ 294 Vạn Phúc, Kim Mã', 'Sóc Sơn', 1, NULL, 7, 1.00, NULL, '2021-11-01 07:58:58', '2021-11-01 07:58:58', NULL),
(8, 10, 5, 5, 1, 5, 1, 'Nguyễn Thu Phương', 1, '1990-01-07', '560466896', '(800) 478-0361', '40 Cao Bá Quát', 'Lào Cai', 1, NULL, 4, 1.00, NULL, '2021-11-01 07:58:58', '2021-11-01 07:58:58', NULL),
(9, 13, 4, 2, 4, 1, 3, 'Nguyễn Thanh Tùng', 0, '1994-05-02', '320028722', '855.544.9229', '121K1 Giảng Võ\r\n', 'Thái Bình', 1, NULL, 6, 1.00, NULL, '2021-11-01 07:58:58', '2021-11-01 07:58:58', NULL),
(10, 2, 1, 2, 4, 5, 3, 'Trần Ngọc Sơn', 0, '1987-09-17', '882439618', '1-844-505-3634', '32 Phó Đức Chính', 'Hà Tĩnh', 1, NULL, 6, 1.00, NULL, '2021-11-01 07:58:58', '2021-11-01 07:58:58', NULL),
(11, 5, 1, 5, 2, 6, 1, 'Trương Văn Nhâm', 0, '1991-01-17', '176003263', '(855) 664-1050', '30 Núi Trúc', 'Hải Phòng', 1, NULL, 4, 1.00, NULL, '2021-11-01 07:58:58', '2021-11-01 07:58:58', NULL),
(12, 7, 5, 2, 5, 7, 3, 'Đào Đức Thái', 0, '1991-07-24', '219815231', '(844) 612-5325', '102A Ngọc Khánh\r\n', 'Dak Lak', 1, NULL, 8, 1.00, NULL, '2021-11-01 07:58:58', '2021-11-01 07:58:58', NULL),
(13, 9, 4, 4, 1, 7, 4, 'Phùng Thị hà', 1, '1990-03-26', '739958702', '(800) 544-8260', '269A Kim Mã\r\n', 'Thạch Thất', 1, NULL, 4, 1.00, NULL, '2021-11-01 07:58:59', '2021-11-01 07:58:59', NULL),
(14, 15, 4, 3, 6, 4, 4, 'Nguyễn Cao Nguyên', 0, '1992-12-21', '556672667', '1-844-228-5593', '76 Phạm Huy Thông, Ngọc Khánh', 'Nam Định', 1, NULL, 9, 1.00, NULL, '2021-11-01 07:58:59', '2021-11-01 07:58:59', NULL),
(15, 16, 3, 1, 6, 3, 1, 'Trần Văn Phương', 0, '1995-04-09', '135058487', '844.372.3460', '31 Láng Hạ, Ba Đình', 'Nam Định', 1, NULL, 6, 1.00, NULL, '2021-11-01 07:58:59', '2021-11-01 07:58:59', NULL),
(16, 5, 3, 5, 4, 7, 2, 'Nguyễn Thị Lan Anh', 1, '1988-12-18', '450380112', '(855) 452-9769', '281 đội cấn', 'Bắc Ninh', 1, NULL, 4, 1.00, NULL, '2021-11-01 07:58:59', '2021-11-01 07:58:59', NULL),
(17, 4, 3, 2, 6, 2, 6, 'Nguyễn Thị Liên', 1, '1987-09-26', '739808690', '1-855-633-0623', '37 B Phan Đình Phùng', 'Ninh Bình', 1, NULL, 4, 1.00, NULL, '2021-11-01 07:58:59', '2021-11-01 07:58:59', NULL),
(18, 5, 5, 3, 5, 2, 3, 'Nguyễn Văn Hiếu', 0, '1994-12-14', '995033256', '(888) 747-0539', '102-C8B Giảng Võ', 'Thạch Thất', 1, NULL, 7, 1.00, NULL, '2021-11-01 07:58:59', '2021-11-01 07:58:59', NULL),
(19, 4, 1, 4, 5, 3, 5, 'Nguyễn Xuân Linh', 0, '1989-07-31', '987094137', '866-655-8480', '637 Kim Ma St., Ba Dinh', 'Hà Tĩnh', 1, NULL, 8, 1.00, NULL, '2021-11-01 07:58:59', '2021-11-01 07:58:59', NULL),
(20, 17, 2, 4, 4, 7, 3, 'Trần Minh Huệ', 1, '1995-09-03', '432119342', '(855) 500-7956', '11.b Dien Bien Phu', 'Hải Phòng', 1, NULL, 7, 1.00, NULL, '2021-11-01 07:58:59', '2021-11-01 07:58:59', NULL),
(21, 2, 3, 3, 3, 5, 1, 'Cao Bá Hiếu', 0, '1987-09-18', '202218450', '1-877-264-7858', 'F101-5-A5-Kim Ma', 'Lào cai', 1, NULL, 7, 1.00, NULL, '2021-11-01 07:58:59', '2021-11-01 07:58:59', NULL),
(22, 10, 5, 4, 5, 2, 5, 'Đặng Vũ Ninh', 0, '1990-06-02', '690008218', '855-452-4252', '6/42 Lieu Giai', 'Nam Định', 1, NULL, 5, 1.00, NULL, '2021-11-01 07:58:59', '2021-11-01 07:58:59', NULL),
(23, 16, 4, 5, 4, 3, 4, 'Nguyễn Minh Thuận', 0, '1993-12-12', '294164258', '1-855-855-0679', '349 Kim Mã, Ba Đình', 'Sóc Sơn', 0, NULL, 1, 1.00, NULL, '2021-11-01 07:59:00', '2023-04-28 07:05:33', NULL);

-- --------------------------------------------------------

--
-- Cấu trúc bảng cho bảng `password_resets`
--

CREATE TABLE `password_resets` (
  `email` varchar(255) COLLATE utf8mb4_unicode_ci NOT NULL,
  `token` varchar(255) COLLATE utf8mb4_unicode_ci NOT NULL,
  `created_at` timestamp NULL DEFAULT NULL
) ENGINE=InnoDB DEFAULT CHARSET=utf8mb4 COLLATE=utf8mb4_unicode_ci;

-- --------------------------------------------------------

--
-- Cấu trúc bảng cho bảng `phongban`
--

CREATE TABLE `phongban` (
  `id` int(10) UNSIGNED NOT NULL,
  `tenpb` varchar(100) COLLATE utf8mb4_unicode_ci NOT NULL,
  `created_at` timestamp NULL DEFAULT NULL,
  `updated_at` timestamp NULL DEFAULT NULL,
  `deleted_at` timestamp NULL DEFAULT NULL
) ENGINE=InnoDB DEFAULT CHARSET=utf8mb4 COLLATE=utf8mb4_unicode_ci;

--
-- Đang đổ dữ liệu cho bảng `phongban`
--

INSERT INTO `phongban` (`id`, `tenpb`, `created_at`, `updated_at`, `deleted_at`) VALUES
(1, 'Ban Giám Đốc', '2021-11-01 07:58:54', '2023-04-28 17:25:39', NULL),
(2, 'Phòng Kinh Doanh', '2021-11-01 07:58:54', '2021-11-01 07:58:54', NULL),
(3, 'Phòng Phân Tích', '2021-11-01 07:58:54', '2021-11-01 07:58:54', NULL),
(4, 'Phòng Thiết Kế', '2021-11-01 07:58:54', '2021-11-01 07:58:54', NULL),
(5, 'Phòng Lập Trình', '2021-11-01 07:58:54', '2021-11-01 07:58:54', NULL),
(6, 'Phòng Hành Chính', '2021-11-01 07:58:54', '2021-11-01 07:58:54', NULL);

-- --------------------------------------------------------

--
-- Cấu trúc bảng cho bảng `phucap`
--

CREATE TABLE `phucap` (
  `id` int(10) UNSIGNED NOT NULL,
  `phongban_id` int(10) UNSIGNED NOT NULL,
  `chucvu_id` int(10) UNSIGNED NOT NULL,
  `hsphucap` double(5,2) NOT NULL,
  `created_at` timestamp NULL DEFAULT NULL,
  `updated_at` timestamp NULL DEFAULT NULL,
  `deleted_at` timestamp NULL DEFAULT NULL
) ENGINE=InnoDB DEFAULT CHARSET=utf8mb4 COLLATE=utf8mb4_unicode_ci;

--
-- Đang đổ dữ liệu cho bảng `phucap`
--

INSERT INTO `phucap` (`id`, `phongban_id`, `chucvu_id`, `hsphucap`, `created_at`, `updated_at`, `deleted_at`) VALUES
(1, 1, 2, 2.50, '2021-11-01 07:58:54', '2021-11-01 07:58:54', NULL),
(2, 1, 3, 2.00, '2021-11-01 07:58:54', '2021-11-01 07:58:54', NULL),
(3, 2, 2, 1.50, '2021-11-01 07:58:54', '2021-11-01 07:58:54', NULL),
(4, 2, 3, 1.20, '2021-11-01 07:58:55', '2021-11-01 07:58:55', NULL),
(5, 2, 4, 1.00, '2021-11-01 07:58:55', '2021-11-01 07:58:55', NULL),
(6, 2, 5, 1.00, '2021-11-01 07:58:55', '2021-11-01 07:58:55', NULL),
(7, 3, 2, 1.50, '2021-11-01 07:58:55', '2021-11-01 07:58:55', NULL),
(8, 3, 3, 1.20, '2021-11-01 07:58:55', '2021-11-01 07:58:55', NULL),
(9, 3, 5, 1.00, '2021-11-01 07:58:55', '2021-11-01 07:58:55', NULL),
(10, 4, 2, 1.50, '2021-11-01 07:58:55', '2021-11-01 07:58:55', NULL),
(11, 4, 3, 1.20, '2021-11-01 07:58:55', '2021-11-01 07:58:55', NULL),
(12, 1, 4, 2.00, '2021-11-01 07:58:55', '2023-03-27 09:11:03', NULL),
(13, 5, 2, 1.50, '2021-11-01 07:58:55', '2021-11-01 07:58:55', NULL),
(14, 5, 3, 1.20, '2021-11-01 07:58:55', '2021-11-01 07:58:55', NULL),
(15, 5, 5, 1.00, '2021-11-01 07:58:55', '2021-11-01 07:58:55', NULL),
(16, 6, 2, 1.50, '2021-11-01 07:58:55', '2021-11-01 07:58:55', NULL),
(17, 6, 3, 1.20, '2021-11-01 07:58:55', '2021-11-01 07:58:55', NULL),
(18, 6, 5, 1.00, '2021-11-01 07:58:55', '2021-11-01 07:58:55', NULL);

-- --------------------------------------------------------

--
-- Cấu trúc bảng cho bảng `sessions`
--

CREATE TABLE `sessions` (
  `id` varchar(255) COLLATE utf8mb4_unicode_ci NOT NULL,
  `user_id` bigint(20) UNSIGNED DEFAULT NULL,
  `ip_address` varchar(45) COLLATE utf8mb4_unicode_ci DEFAULT NULL,
  `user_agent` text COLLATE utf8mb4_unicode_ci DEFAULT NULL,
  `payload` text COLLATE utf8mb4_unicode_ci NOT NULL,
  `last_activity` int(11) NOT NULL
) ENGINE=InnoDB DEFAULT CHARSET=utf8mb4 COLLATE=utf8mb4_unicode_ci;

--
-- Đang đổ dữ liệu cho bảng `sessions`
--

INSERT INTO `sessions` (`id`, `user_id`, `ip_address`, `user_agent`, `payload`, `last_activity`) VALUES
('u1ameUuKLvfkDizAtmhKb9XCJgWCMemGUeuSIOwn', 1, '::1', 'Mozilla/5.0 (Windows NT 10.0; Win64; x64) AppleWebKit/537.36 (KHTML, like Gecko) Chrome/96.0.4664.93 Safari/537.36', 'YTo1OntzOjY6Il90b2tlbiI7czo0MDoiRE5HWlRqS3RRdEo5UlA3Sm1CNFhhVlRSMWIxSkNkRVpxOU1IY1poNyI7czozOiJ1cmwiO2E6MDp7fXM6OToiX3ByZXZpb3VzIjthOjE6e3M6MzoidXJsIjtzOjczOiJodHRwczovL2xvY2FsaG9zdC9uaGFubHVvbmcvdGluaGx1b25nP2lkPTIzJm5hbT0yMDIxJm5nYXljb25nPTI2JnRoYW5nPTExIjt9czo2OiJfZmxhc2giO2E6Mjp7czozOiJvbGQiO2E6MDp7fXM6MzoibmV3IjthOjA6e319czo1MDoibG9naW5fd2ViXzU5YmEzNmFkZGMyYjJmOTQwMTU4MGYwMTRjN2Y1OGVhNGUzMDk4OWQiO2k6MTt9', 1639376528);

-- --------------------------------------------------------

--
-- Cấu trúc bảng cho bảng `thuongphat`
--

CREATE TABLE `thuongphat` (
  `id` int(10) UNSIGNED NOT NULL,
  `nhanvien_id` int(10) UNSIGNED NOT NULL,
  `loai` tinyint(1) NOT NULL DEFAULT 0,
  `sotien` bigint(20) NOT NULL,
  `lydo` varchar(255) COLLATE utf8mb4_unicode_ci NOT NULL,
  `thang` int(11) NOT NULL,
  `nam` int(11) NOT NULL,
  `created_at` timestamp NULL DEFAULT NULL,
  `updated_at` timestamp NULL DEFAULT NULL,
  `deleted_at` timestamp NULL DEFAULT NULL
) ENGINE=InnoDB DEFAULT CHARSET=utf8mb4 COLLATE=utf8mb4_unicode_ci;

--
-- Đang đổ dữ liệu cho bảng `thuongphat`
--

INSERT INTO `thuongphat` (`id`, `nhanvien_id`, `loai`, `sotien`, `lydo`, `thang`, `nam`, `created_at`, `updated_at`, `deleted_at`) VALUES
(1, 23, 1, 100000000000, 'test', 11, 2021, '2021-11-01 20:17:49', '2021-11-01 20:39:22', '2021-11-01 20:39:22'),
(2, 1, 1, 999, '123213213213', 4, 2023, '2021-11-01 20:21:40', '2023-04-28 07:06:10', NULL),
(3, 23, 1, 9999, '12343', 3, 2023, '2021-11-01 20:22:27', '2023-04-28 07:05:52', NULL),
(4, 3, 1, 3500000, 'ký được nhiều hợp đồng', 3, 2023, '2023-04-28 17:31:29', '2023-04-28 17:31:29', NULL),
(5, 2, 1, 1500000, 'quản lý tốt', 3, 2023, '2023-04-28 17:37:15', '2023-04-28 17:37:15', NULL),
(6, 15, 1, 1500000, 'làm việc tốt', 4, 2023, '2023-04-28 17:49:15', '2023-04-28 17:49:15', NULL),
(7, 17, 0, 200000, 'đi làm muộn', 4, 2023, '2023-04-28 18:01:25', '2023-04-28 18:01:25', NULL);

-- --------------------------------------------------------

--
-- Cấu trúc bảng cho bảng `tongiao`
--

CREATE TABLE `tongiao` (
  `id` int(10) UNSIGNED NOT NULL,
  `tentg` varchar(100) COLLATE utf8mb4_unicode_ci NOT NULL,
  `created_at` timestamp NULL DEFAULT NULL,
  `updated_at` timestamp NULL DEFAULT NULL,
  `deleted_at` timestamp NULL DEFAULT NULL
) ENGINE=InnoDB DEFAULT CHARSET=utf8mb4 COLLATE=utf8mb4_unicode_ci;

--
-- Đang đổ dữ liệu cho bảng `tongiao`
--

INSERT INTO `tongiao` (`id`, `tentg`, `created_at`, `updated_at`, `deleted_at`) VALUES
(1, 'Phật giáo', '2021-11-01 07:58:56', '2021-11-01 07:58:56', NULL),
(2, 'Công giáo', '2021-11-01 07:58:56', '2021-11-01 07:58:56', NULL),
(3, 'Tin Lành', '2021-11-01 07:58:56', '2021-11-01 07:58:56', NULL),
(4, 'Hồi giáo', '2021-11-01 07:58:56', '2021-11-01 07:58:56', NULL),
(5, 'Cao Đài', '2021-11-01 07:58:56', '2021-11-01 07:58:56', NULL),
(6, 'Hoà Hảo', '2021-11-01 07:58:56', '2021-11-01 07:58:56', NULL);

-- --------------------------------------------------------

--
-- Cấu trúc bảng cho bảng `ungluong`
--

CREATE TABLE `ungluong` (
  `id` int(10) UNSIGNED NOT NULL,
  `nhanvien_id` int(10) UNSIGNED NOT NULL,
  `sotien` bigint(20) NOT NULL,
  `lydo` varchar(255) COLLATE utf8mb4_unicode_ci NOT NULL,
  `thang` int(11) NOT NULL,
  `nam` int(11) NOT NULL,
  `created_at` timestamp NULL DEFAULT NULL,
  `updated_at` timestamp NULL DEFAULT NULL,
  `deleted_at` timestamp NULL DEFAULT NULL
) ENGINE=InnoDB DEFAULT CHARSET=utf8mb4 COLLATE=utf8mb4_unicode_ci;

--
-- Đang đổ dữ liệu cho bảng `ungluong`
--

INSERT INTO `ungluong` (`id`, `nhanvien_id`, `sotien`, `lydo`, `thang`, `nam`, `created_at`, `updated_at`, `deleted_at`) VALUES
(1, 23, 1000000, '123', 3, 2023, '2021-11-01 20:31:19', '2023-04-28 07:09:20', NULL),
(2, 23, 2500000, 'đi viện', 3, 2023, '2023-03-27 09:11:46', '2023-04-28 07:09:30', '2023-04-28 07:09:30'),
(3, 23, 5000000, 'về quê cưới vợ', 12, 2022, '2023-04-03 09:32:25', '2023-04-28 07:09:39', '2023-04-28 07:09:39'),
(4, 13, 700000, 'cưới chồng', 4, 2023, '2023-04-28 07:21:10', '2023-04-28 07:21:10', NULL),
(5, 3, 2000000, 'cưới vợ', 3, 2023, '2023-04-28 17:30:19', '2023-04-28 17:30:19', NULL),
(6, 15, 1000000, 'đóng tiền trọ', 4, 2023, '2023-04-28 17:48:21', '2023-04-28 17:48:21', NULL);

-- --------------------------------------------------------

--
-- Cấu trúc bảng cho bảng `users`
--

CREATE TABLE `users` (
  `id` int(10) UNSIGNED NOT NULL,
  `nhanvien_id` int(10) UNSIGNED NOT NULL,
  `email` varchar(50) COLLATE utf8mb4_unicode_ci NOT NULL,
  `email_verified_at` timestamp NULL DEFAULT NULL,
  `password` varchar(255) COLLATE utf8mb4_unicode_ci DEFAULT NULL,
  `role` tinyint(4) NOT NULL DEFAULT 0,
  `remember_token` varchar(100) COLLATE utf8mb4_unicode_ci DEFAULT NULL,
  `created_at` timestamp NULL DEFAULT NULL,
  `updated_at` timestamp NULL DEFAULT NULL,
  `deleted_at` timestamp NULL DEFAULT NULL
) ENGINE=InnoDB DEFAULT CHARSET=utf8mb4 COLLATE=utf8mb4_unicode_ci;

--
-- Đang đổ dữ liệu cho bảng `users`
--

INSERT INTO `users` (`id`, `nhanvien_id`, `email`, `email_verified_at`, `password`, `role`, `remember_token`, `created_at`, `updated_at`, `deleted_at`) VALUES
(1, 1, 'admin@email.com', NULL, '$2y$10$lA.ce1x/0raT1YqpuYUR0.BjrEoHMR0TmcB3/nbI7cXw2EqBSk2bK', 2, NULL, '2021-11-01 07:58:57', '2021-11-01 07:58:57', NULL),
(2, 2, 'quanly@email.com', NULL, '$2y$10$lA.ce1x/0raT1YqpuYUR0.BjrEoHMR0TmcB3/nbI7cXw2EqBSk2bK', 1, NULL, '2021-11-01 07:58:57', '2021-11-01 07:58:57', NULL),
(3, 3, 'nhanvien@email.com', NULL, '$2y$10$lA.ce1x/0raT1YqpuYUR0.BjrEoHMR0TmcB3/nbI7cXw2EqBSk2bK', 0, NULL, '2021-11-01 07:58:58', '2021-11-01 07:58:58', NULL),
(4, 4, 'hatrang2706@gmail.com', NULL, '$2y$10$lA.ce1x/0raT1YqpuYUR0.BjrEoHMR0TmcB3/nbI7cXw2EqBSk2bK', 0, NULL, '2021-11-01 07:58:58', '2021-11-01 07:58:58', NULL),
(5, 5, 'hoangngocanh06012001@gmail.com', NULL, '$2y$10$lA.ce1x/0raT1YqpuYUR0.BjrEoHMR0TmcB3/nbI7cXw2EqBSk2bK', 0, NULL, '2021-11-01 07:58:58', '2021-11-01 07:58:58', NULL),
(6, 6, 'chuminh@gmail.com', NULL, '$2y$10$lA.ce1x/0raT1YqpuYUR0.BjrEoHMR0TmcB3/nbI7cXw2EqBSk2bK', 0, NULL, '2021-11-01 07:58:58', '2021-11-01 07:58:58', NULL),
(7, 7, 'viethungpro@gmail.com', NULL, '$2y$10$lA.ce1x/0raT1YqpuYUR0.BjrEoHMR0TmcB3/nbI7cXw2EqBSk2bK', 0, NULL, '2021-11-01 07:58:58', '2021-11-01 07:58:58', NULL),
(8, 8, 'anhcasau@gmail.com', NULL, '$2y$10$lA.ce1x/0raT1YqpuYUR0.BjrEoHMR0TmcB3/nbI7cXw2EqBSk2bK', 0, NULL, '2021-11-01 07:58:58', '2021-11-01 07:58:58', NULL),
(9, 9, 'sontungmtp@gmail.com', NULL, '$2y$10$lA.ce1x/0raT1YqpuYUR0.BjrEoHMR0TmcB3/nbI7cXw2EqBSk2bK', 0, NULL, '2021-11-01 07:58:58', '2021-11-01 07:58:58', NULL),
(10, 10, 'ngocson225163@gmail.com', NULL, '$2y$10$lA.ce1x/0raT1YqpuYUR0.BjrEoHMR0TmcB3/nbI7cXw2EqBSk2bK', 0, NULL, '2021-11-01 07:58:58', '2021-11-01 07:58:58', NULL),
(11, 11, 'nhamdeptrai@gmail.com', NULL, '$2y$10$lA.ce1x/0raT1YqpuYUR0.BjrEoHMR0TmcB3/nbI7cXw2EqBSk2bK', 0, NULL, '2021-11-01 07:58:58', '2021-11-01 07:58:58', NULL),
(12, 12, 'daoducthai@gmail.com', NULL, '$2y$10$lA.ce1x/0raT1YqpuYUR0.BjrEoHMR0TmcB3/nbI7cXw2EqBSk2bK', 0, NULL, '2021-11-01 07:58:59', '2021-11-01 07:58:59', NULL),
(13, 13, 'haxinhdep@gmail.com', NULL, '$2y$10$lA.ce1x/0raT1YqpuYUR0.BjrEoHMR0TmcB3/nbI7cXw2EqBSk2bK', 0, NULL, '2021-11-01 07:58:59', '2021-11-01 07:58:59', NULL),
(14, 14, 'caonguyen002200@gmail.com', NULL, '$2y$10$lA.ce1x/0raT1YqpuYUR0.BjrEoHMR0TmcB3/nbI7cXw2EqBSk2bK', 0, NULL, '2021-11-01 07:58:59', '2021-11-01 07:58:59', NULL),
(15, 15, 'tranvanphuong@gmail.com', NULL, '$2y$10$lA.ce1x/0raT1YqpuYUR0.BjrEoHMR0TmcB3/nbI7cXw2EqBSk2bK', 0, NULL, '2021-11-01 07:58:59', '2021-11-01 07:58:59', NULL),
(16, 16, 'lananhlatui@gmail.com', NULL, '$2y$10$lA.ce1x/0raT1YqpuYUR0.BjrEoHMR0TmcB3/nbI7cXw2EqBSk2bK', 0, NULL, '2021-11-01 07:58:59', '2021-11-01 07:58:59', NULL),
(17, 17, 'bevoi0256@gmail.com', NULL, '$2y$10$lA.ce1x/0raT1YqpuYUR0.BjrEoHMR0TmcB3/nbI7cXw2EqBSk2bK', 0, NULL, '2021-11-01 07:58:59', '2021-11-01 07:58:59', NULL),
(18, 18, 'hieune0201@gmail.com', NULL, '$2y$10$lA.ce1x/0raT1YqpuYUR0.BjrEoHMR0TmcB3/nbI7cXw2EqBSk2bK', 0, NULL, '2021-11-01 07:58:59', '2021-11-01 07:58:59', NULL),
(19, 19, 'xuanlinh6632@gmail.com', NULL, '$2y$10$lA.ce1x/0raT1YqpuYUR0.BjrEoHMR0TmcB3/nbI7cXw2EqBSk2bK', 0, NULL, '2021-11-01 07:58:59', '2021-11-01 07:58:59', NULL),
(20, 20, 'minhhue2000@gmail.com', NULL, '$2y$10$lA.ce1x/0raT1YqpuYUR0.BjrEoHMR0TmcB3/nbI7cXw2EqBSk2bK', 0, NULL, '2021-11-01 07:58:59', '2021-11-01 07:58:59', NULL),
(21, 21, 'caobahieu@gmail.com', NULL, '$2y$10$lA.ce1x/0raT1YqpuYUR0.BjrEoHMR0TmcB3/nbI7cXw2EqBSk2bK', 0, NULL, '2021-11-01 07:58:59', '2021-11-01 07:58:59', NULL),
(22, 22, 'ninhcute@gmail.com', NULL, '$2y$10$lA.ce1x/0raT1YqpuYUR0.BjrEoHMR0TmcB3/nbI7cXw2EqBSk2bK', 0, NULL, '2021-11-01 07:58:59', '2021-11-01 07:58:59', NULL),
(23, 23, 'nguyenphuongthuan@gmail.com', NULL, '$2y$10$lA.ce1x/0raT1YqpuYUR0.BjrEoHMR0TmcB3/nbI7cXw2EqBSk2bK', 0, NULL, '2021-11-01 07:59:00', '2023-03-27 09:08:53', '2023-03-27 09:08:53');

--
-- Chỉ mục cho các bảng đã đổ
--

--
-- Chỉ mục cho bảng `bangcap`
--
ALTER TABLE `bangcap`
  ADD PRIMARY KEY (`id`);

--
-- Chỉ mục cho bảng `baohiem`
--
ALTER TABLE `baohiem`
  ADD PRIMARY KEY (`id`),
  ADD KEY `fk_baohiem_nhanvien_id` (`nhanvien_id`),
  ADD KEY `fk_baohiem_loaibaohiem_id` (`loaibaohiem_id`);

--
-- Chỉ mục cho bảng `chamcong`
--
ALTER TABLE `chamcong`
  ADD PRIMARY KEY (`id`),
  ADD KEY `fk_chamcong_nhanvien_id` (`nhanvien_id`);

--
-- Chỉ mục cho bảng `chucvu`
--
ALTER TABLE `chucvu`
  ADD PRIMARY KEY (`id`);

--
-- Chỉ mục cho bảng `chuyenmon`
--
ALTER TABLE `chuyenmon`
  ADD PRIMARY KEY (`id`);

--
-- Chỉ mục cho bảng `dantoc`
--
ALTER TABLE `dantoc`
  ADD PRIMARY KEY (`id`);

--
-- Chỉ mục cho bảng `failed_jobs`
--
ALTER TABLE `failed_jobs`
  ADD PRIMARY KEY (`id`),
  ADD UNIQUE KEY `failed_jobs_uuid_unique` (`uuid`);

--
-- Chỉ mục cho bảng `heso`
--
ALTER TABLE `heso`
  ADD PRIMARY KEY (`id`);

--
-- Chỉ mục cho bảng `hopdong`
--
ALTER TABLE `hopdong`
  ADD PRIMARY KEY (`id`),
  ADD KEY `fk_hopdong_nhanvien_id` (`nhanvien_id`);

--
-- Chỉ mục cho bảng `khautru`
--
ALTER TABLE `khautru`
  ADD PRIMARY KEY (`id`),
  ADD KEY `fk_khautru_nhanvien_id` (`nhanvien_id`),
  ADD KEY `fk_khautru_loaibaohiem_id` (`loaibaohiem_id`);

--
-- Chỉ mục cho bảng `loaibaohiem`
--
ALTER TABLE `loaibaohiem`
  ADD PRIMARY KEY (`id`);

--
-- Chỉ mục cho bảng `migrations`
--
ALTER TABLE `migrations`
  ADD PRIMARY KEY (`id`);

--
-- Chỉ mục cho bảng `nghiviec`
--
ALTER TABLE `nghiviec`
  ADD PRIMARY KEY (`id`),
  ADD KEY `fk_nghiviec_nhanvien_id` (`nhanvien_id`);

--
-- Chỉ mục cho bảng `ngoaingu`
--
ALTER TABLE `ngoaingu`
  ADD PRIMARY KEY (`id`);

--
-- Chỉ mục cho bảng `nhanluong`
--
ALTER TABLE `nhanluong`
  ADD PRIMARY KEY (`id`),
  ADD KEY `fk_nhanluong_nhanvien_id` (`nhanvien_id`);

--
-- Chỉ mục cho bảng `nhanvien`
--
ALTER TABLE `nhanvien`
  ADD PRIMARY KEY (`id`),
  ADD KEY `fk_nhanvien_phucap_id` (`phucap_id`),
  ADD KEY `fk_nhanvien_bangcap_id` (`bangcap_id`),
  ADD KEY `fk_nhanvien_chuyenmon_id` (`chuyenmon_id`),
  ADD KEY `fk_nhanvien_ngoaingu_id` (`ngoaingu_id`),
  ADD KEY `fk_nhanvien_dantoc_id` (`dantoc_id`),
  ADD KEY `fk_nhanvien_tongiao_id` (`tongiao_id`);

--
-- Chỉ mục cho bảng `password_resets`
--
ALTER TABLE `password_resets`
  ADD KEY `password_resets_email_index` (`email`);

--
-- Chỉ mục cho bảng `phongban`
--
ALTER TABLE `phongban`
  ADD PRIMARY KEY (`id`);

--
-- Chỉ mục cho bảng `phucap`
--
ALTER TABLE `phucap`
  ADD PRIMARY KEY (`id`),
  ADD KEY `fk_phucap_phongban_id` (`phongban_id`),
  ADD KEY `fk_phucap_chucvu_id` (`chucvu_id`);

--
-- Chỉ mục cho bảng `sessions`
--
ALTER TABLE `sessions`
  ADD PRIMARY KEY (`id`),
  ADD KEY `sessions_user_id_index` (`user_id`),
  ADD KEY `sessions_last_activity_index` (`last_activity`);

--
-- Chỉ mục cho bảng `thuongphat`
--
ALTER TABLE `thuongphat`
  ADD PRIMARY KEY (`id`),
  ADD KEY `fk_thuongphat_nhanvien_id` (`nhanvien_id`);

--
-- Chỉ mục cho bảng `tongiao`
--
ALTER TABLE `tongiao`
  ADD PRIMARY KEY (`id`);

--
-- Chỉ mục cho bảng `ungluong`
--
ALTER TABLE `ungluong`
  ADD PRIMARY KEY (`id`),
  ADD KEY `fk_ungluong_nhanvien_id` (`nhanvien_id`);

--
-- Chỉ mục cho bảng `users`
--
ALTER TABLE `users`
  ADD PRIMARY KEY (`id`),
  ADD UNIQUE KEY `users_nhanvien_id_unique` (`nhanvien_id`),
  ADD UNIQUE KEY `users_email_unique` (`email`);

--
-- AUTO_INCREMENT cho các bảng đã đổ
--

--
-- AUTO_INCREMENT cho bảng `bangcap`
--
ALTER TABLE `bangcap`
  MODIFY `id` int(10) UNSIGNED NOT NULL AUTO_INCREMENT, AUTO_INCREMENT=6;

--
-- AUTO_INCREMENT cho bảng `baohiem`
--
ALTER TABLE `baohiem`
  MODIFY `id` int(10) UNSIGNED NOT NULL AUTO_INCREMENT, AUTO_INCREMENT=8;

--
-- AUTO_INCREMENT cho bảng `chamcong`
--
ALTER TABLE `chamcong`
  MODIFY `id` int(10) UNSIGNED NOT NULL AUTO_INCREMENT, AUTO_INCREMENT=350;

--
-- AUTO_INCREMENT cho bảng `chucvu`
--
ALTER TABLE `chucvu`
  MODIFY `id` int(10) UNSIGNED NOT NULL AUTO_INCREMENT, AUTO_INCREMENT=6;

--
-- AUTO_INCREMENT cho bảng `chuyenmon`
--
ALTER TABLE `chuyenmon`
  MODIFY `id` int(10) UNSIGNED NOT NULL AUTO_INCREMENT, AUTO_INCREMENT=6;

--
-- AUTO_INCREMENT cho bảng `dantoc`
--
ALTER TABLE `dantoc`
  MODIFY `id` int(10) UNSIGNED NOT NULL AUTO_INCREMENT, AUTO_INCREMENT=8;

--
-- AUTO_INCREMENT cho bảng `failed_jobs`
--
ALTER TABLE `failed_jobs`
  MODIFY `id` bigint(20) UNSIGNED NOT NULL AUTO_INCREMENT;

--
-- AUTO_INCREMENT cho bảng `heso`
--
ALTER TABLE `heso`
  MODIFY `id` int(10) UNSIGNED NOT NULL AUTO_INCREMENT, AUTO_INCREMENT=2;

--
-- AUTO_INCREMENT cho bảng `hopdong`
--
ALTER TABLE `hopdong`
  MODIFY `id` int(10) UNSIGNED NOT NULL AUTO_INCREMENT, AUTO_INCREMENT=7;

--
-- AUTO_INCREMENT cho bảng `khautru`
--
ALTER TABLE `khautru`
  MODIFY `id` int(10) UNSIGNED NOT NULL AUTO_INCREMENT, AUTO_INCREMENT=7;

--
-- AUTO_INCREMENT cho bảng `loaibaohiem`
--
ALTER TABLE `loaibaohiem`
  MODIFY `id` int(10) UNSIGNED NOT NULL AUTO_INCREMENT, AUTO_INCREMENT=5;

--
-- AUTO_INCREMENT cho bảng `migrations`
--
ALTER TABLE `migrations`
  MODIFY `id` int(10) UNSIGNED NOT NULL AUTO_INCREMENT, AUTO_INCREMENT=162;

--
-- AUTO_INCREMENT cho bảng `nghiviec`
--
ALTER TABLE `nghiviec`
  MODIFY `id` int(10) UNSIGNED NOT NULL AUTO_INCREMENT, AUTO_INCREMENT=3;

--
-- AUTO_INCREMENT cho bảng `ngoaingu`
--
ALTER TABLE `ngoaingu`
  MODIFY `id` int(10) UNSIGNED NOT NULL AUTO_INCREMENT, AUTO_INCREMENT=7;

--
-- AUTO_INCREMENT cho bảng `nhanluong`
--
ALTER TABLE `nhanluong`
  MODIFY `id` int(10) UNSIGNED NOT NULL AUTO_INCREMENT, AUTO_INCREMENT=19;

--
-- AUTO_INCREMENT cho bảng `nhanvien`
--
ALTER TABLE `nhanvien`
  MODIFY `id` int(10) UNSIGNED NOT NULL AUTO_INCREMENT, AUTO_INCREMENT=26;

--
-- AUTO_INCREMENT cho bảng `phongban`
--
ALTER TABLE `phongban`
  MODIFY `id` int(10) UNSIGNED NOT NULL AUTO_INCREMENT, AUTO_INCREMENT=7;

--
-- AUTO_INCREMENT cho bảng `phucap`
--
ALTER TABLE `phucap`
  MODIFY `id` int(10) UNSIGNED NOT NULL AUTO_INCREMENT, AUTO_INCREMENT=19;

--
-- AUTO_INCREMENT cho bảng `thuongphat`
--
ALTER TABLE `thuongphat`
  MODIFY `id` int(10) UNSIGNED NOT NULL AUTO_INCREMENT, AUTO_INCREMENT=8;

--
-- AUTO_INCREMENT cho bảng `tongiao`
--
ALTER TABLE `tongiao`
  MODIFY `id` int(10) UNSIGNED NOT NULL AUTO_INCREMENT, AUTO_INCREMENT=7;

--
-- AUTO_INCREMENT cho bảng `ungluong`
--
ALTER TABLE `ungluong`
  MODIFY `id` int(10) UNSIGNED NOT NULL AUTO_INCREMENT, AUTO_INCREMENT=7;

--
-- AUTO_INCREMENT cho bảng `users`
--
ALTER TABLE `users`
  MODIFY `id` int(10) UNSIGNED NOT NULL AUTO_INCREMENT, AUTO_INCREMENT=26;

--
-- Các ràng buộc cho các bảng đã đổ
--

--
-- Các ràng buộc cho bảng `baohiem`
--
ALTER TABLE `baohiem`
  ADD CONSTRAINT `fk_baohiem_loaibaohiem_id` FOREIGN KEY (`loaibaohiem_id`) REFERENCES `loaibaohiem` (`id`) ON UPDATE CASCADE,
  ADD CONSTRAINT `fk_baohiem_nhanvien_id` FOREIGN KEY (`nhanvien_id`) REFERENCES `nhanvien` (`id`) ON UPDATE CASCADE;

--
-- Các ràng buộc cho bảng `chamcong`
--
ALTER TABLE `chamcong`
  ADD CONSTRAINT `fk_chamcong_nhanvien_id` FOREIGN KEY (`nhanvien_id`) REFERENCES `nhanvien` (`id`) ON UPDATE CASCADE;

--
-- Các ràng buộc cho bảng `hopdong`
--
ALTER TABLE `hopdong`
  ADD CONSTRAINT `fk_hopdong_nhanvien_id` FOREIGN KEY (`nhanvien_id`) REFERENCES `nhanvien` (`id`) ON UPDATE CASCADE;

--
-- Các ràng buộc cho bảng `khautru`
--
ALTER TABLE `khautru`
  ADD CONSTRAINT `fk_khautru_loaibaohiem_id` FOREIGN KEY (`loaibaohiem_id`) REFERENCES `loaibaohiem` (`id`) ON UPDATE CASCADE,
  ADD CONSTRAINT `fk_khautru_nhanvien_id` FOREIGN KEY (`nhanvien_id`) REFERENCES `nhanvien` (`id`) ON UPDATE CASCADE;

--
-- Các ràng buộc cho bảng `nghiviec`
--
ALTER TABLE `nghiviec`
  ADD CONSTRAINT `fk_nghiviec_nhanvien_id` FOREIGN KEY (`nhanvien_id`) REFERENCES `nhanvien` (`id`) ON UPDATE CASCADE;

--
-- Các ràng buộc cho bảng `nhanluong`
--
ALTER TABLE `nhanluong`
  ADD CONSTRAINT `fk_nhanluong_nhanvien_id` FOREIGN KEY (`nhanvien_id`) REFERENCES `nhanvien` (`id`) ON UPDATE CASCADE;

--
-- Các ràng buộc cho bảng `nhanvien`
--
ALTER TABLE `nhanvien`
  ADD CONSTRAINT `fk_nhanvien_bangcap_id` FOREIGN KEY (`bangcap_id`) REFERENCES `bangcap` (`id`) ON UPDATE CASCADE,
  ADD CONSTRAINT `fk_nhanvien_chuyenmon_id` FOREIGN KEY (`chuyenmon_id`) REFERENCES `chuyenmon` (`id`) ON UPDATE CASCADE,
  ADD CONSTRAINT `fk_nhanvien_dantoc_id` FOREIGN KEY (`dantoc_id`) REFERENCES `dantoc` (`id`) ON UPDATE CASCADE,
  ADD CONSTRAINT `fk_nhanvien_ngoaingu_id` FOREIGN KEY (`ngoaingu_id`) REFERENCES `ngoaingu` (`id`) ON UPDATE CASCADE,
  ADD CONSTRAINT `fk_nhanvien_phucap_id` FOREIGN KEY (`phucap_id`) REFERENCES `phucap` (`id`) ON UPDATE CASCADE,
  ADD CONSTRAINT `fk_nhanvien_tongiao_id` FOREIGN KEY (`tongiao_id`) REFERENCES `tongiao` (`id`) ON UPDATE CASCADE;

--
-- Các ràng buộc cho bảng `phucap`
--
ALTER TABLE `phucap`
  ADD CONSTRAINT `fk_phucap_chucvu_id` FOREIGN KEY (`chucvu_id`) REFERENCES `chucvu` (`id`) ON UPDATE CASCADE,
  ADD CONSTRAINT `fk_phucap_phongban_id` FOREIGN KEY (`phongban_id`) REFERENCES `phongban` (`id`) ON UPDATE CASCADE;

--
-- Các ràng buộc cho bảng `thuongphat`
--
ALTER TABLE `thuongphat`
  ADD CONSTRAINT `fk_thuongphat_nhanvien_id` FOREIGN KEY (`nhanvien_id`) REFERENCES `nhanvien` (`id`) ON UPDATE CASCADE;

--
-- Các ràng buộc cho bảng `ungluong`
--
ALTER TABLE `ungluong`
  ADD CONSTRAINT `fk_ungluong_nhanvien_id` FOREIGN KEY (`nhanvien_id`) REFERENCES `nhanvien` (`id`) ON UPDATE CASCADE;

--
-- Các ràng buộc cho bảng `users`
--
ALTER TABLE `users`
  ADD CONSTRAINT `fk_users_nhanvien_id` FOREIGN KEY (`nhanvien_id`) REFERENCES `nhanvien` (`id`) ON UPDATE CASCADE;
COMMIT;

/*!40101 SET CHARACTER_SET_CLIENT=@OLD_CHARACTER_SET_CLIENT */;
/*!40101 SET CHARACTER_SET_RESULTS=@OLD_CHARACTER_SET_RESULTS */;
/*!40101 SET COLLATION_CONNECTION=@OLD_COLLATION_CONNECTION */;
